Names,Platform
Debbie Alvarez,Sony PSP
Antonio Smith,Nintendo DS
Daniel Stanley,Sony PSP
Danielle Nelson,Nintendo DS
Daniel Johnson,Sony PSP
Alison Valentine,Nintendo DS
Daniel Watson,Nintendo DS
Tim Moran,Sony PSP
Sheena Hill,Sony PSP
Diamond Moon,Nintendo DS
Maria Herrera,Nintendo DS
Bonnie Gonzalez,Sony PSP
Shawn Miller,Nintendo DS
John Johnson,Nintendo DS
David Howard,Sony PSP
Claire Simpson,Sony PSP
Candace Hernandez,Nintendo DS
Madison Hawkins,Nintendo DS
Paul Sampson,Nintendo DS
Ian Beck,Nintendo DS
Timothy Boyer,Nintendo DS
Joanne Scott,Sony PSP
Anna Smith,Nintendo DS
Andrea Williams,Nintendo DS
Shannon Salazar,Nintendo DS
Colleen Fisher,Nintendo DS
Ashley Flores,Nintendo DS
Jessica Montgomery PhD,Sony PSP
Lori Daniels,Nintendo DS
Amanda Holt,Nintendo DS
Loretta Evans,X360
Janet Wood,Sony PSP
Kenneth Smith,Sony PSP
Ronald Barrett,Nintendo DS
Paul Bernard,Nintendo DS
Howard Garcia,Sony PSP
Jimmy Johnson,Sony PSP
Roberto Johnson,X360
Garrett Davis,Nintendo DS
Vanessa Kim,Nintendo DS
Tiffany Roman,Nintendo DS
Joshua Arnold,Sony PSP
Stephen Moore,Sony PSP
Jacob Eaton,Sony PSP
Tiffany Randolph,X360
James Davis,Nintendo DS
Collin Douglas,Nintendo DS
Rhonda Jenkins,Sony PSP
Kimberly Nichols,X360
Amber Mckinney,Nintendo DS
Scott Taylor,Sony PSP
Ashley Castaneda,Sony PSP
Megan Clayton,Sony PSP
Daniel Ramirez,Sony PSP
Elijah Snyder,Sony PSP
Angela Santos,Sony PSP
Heather Smith,Sony PSP
Elizabeth Hardin,X360
Michael Rodriguez,Nintendo DS
Anthony Schmitt,Sony PSP
Christopher Beasley,Sony PSP
Stephen Leonard,Nintendo DS
Tina Cabrera,X360
Ann Daniel,Nintendo DS
Michael Robles,X360
Brianna Johnson,X360
Casey Patton,X360
Joseph Smith,Nintendo DS
Samantha Hood,Nintendo DS
Logan Camacho,Sony PSP
Emily Green,X360
Stephanie Brown,Nintendo DS
Pamela Martin,Nintendo DS
David Short,Sony PSP
Cody Watson,X360
Kristen Simon,X360
Sherri Wells,Nintendo DS
Maureen Moyer,Sony PSP
Patrick Sanders,Nintendo DS
Peggy Davis,Sony PSP
Scott Bailey,X360
Eric Johnson,Nintendo DS
Stephanie Wyatt,Nintendo DS
Anthony Garcia,Sony PSP
Amanda Ray,Nintendo DS
Damon Hayes,Sony PSP
Madison Cook,X360
Katherine Johnson,X360
Carrie Jackson,Sony PSP
Gregg Barker,Nintendo DS
Marie Green,Nintendo DS
Carmen Jacobs,Sony PSP
Stephanie Green,Sony PSP
Thomas Weber,Sony PSP
Joseph Wells,Sony PSP
Ashley Murillo,Sony PSP
Amy Powell,Sony PSP
Robert Douglas,Sony PSP
Robert Smith,Sony PSP
Harry Johns,Nintendo DS
Rachel Jones,Nintendo DS
Theresa Walters,Sony PSP
Kristine Arias,Sony PSP
Nathan Hoffman,Nintendo DS
Craig Ramsey,Nintendo DS
Kenneth Parker,Nintendo DS
Sheri Sloan,Sony PSP
Teresa Wade,Sony PSP
John Solomon,Sony PSP
William Lopez,Sony PSP
Sarah Smith,Nintendo DS
Richard Shields DDS,Nintendo DS
Glenn Robinson,Sony PSP
Karla Greene,X360
Mr. Johnny Luna,Nintendo DS
Eric Miller,Nintendo DS
Timothy Austin,Nintendo DS
Derek Saunders,Nintendo DS
Andrea Little,Nintendo DS
William Rhodes,Sony PSP
Brandon Smith,Sony PSP
Jo Morris,Nintendo DS
Bradley Nelson,Nintendo DS
Sharon Carter,Nintendo DS
Angela Gonzales,Nintendo DS
Justin Miller,Sony PSP
Bruce Parks,Sony PSP
Robin Eaton,Sony PSP
Elizabeth Rush,Sony PSP
Stephanie Grant,X360
Gary Phillips,Nintendo DS
Christopher Webb,X360
Hannah Pope,Nintendo DS
Kristen Miller,Nintendo DS
Douglas Simpson,Sony PSP
Richard Pena,Nintendo DS
Gina Waters DDS,Nintendo DS
Yvonne Mcbride,Nintendo DS
Robert Kelly,Sony PSP
Carol Dillon,Sony PSP
John Blake,Nintendo DS
Shawn Hood,Sony PSP
Amanda Bailey,Nintendo DS
William Howell,Nintendo DS
Jennifer Green,Nintendo DS
Gerald Jennings,Nintendo DS
John Mcdonald,Nintendo DS
Brandon Morgan,Nintendo DS
Jerry Ashley,Sony PSP
Zachary Robertson,Sony PSP
Jordan Foley,Nintendo DS
Kristopher Jacobs,Sony PSP
Michael Jones,Nintendo DS
David Padilla,Nintendo DS
Michael Jackson,Nintendo DS
David Evans,Nintendo DS
Jason Morgan,Nintendo DS
Anna Wilson,Nintendo Wii
Eric Ho,Nintendo DS
Heather Christian,Nintendo DS
Richard Harris,Nintendo DS
Laura Tapia,X360
Mark Garcia,Nintendo Wii
Michelle Reed,Nintendo DS
Randall Malone,X360
Eugene Padilla,Sony PSP
Patrick Walters,X360
Kelli Anderson,X360
Sherry Parker,Sony PSP
Jacqueline Carlson,PlayStation 3
Christopher Montoya,PlayStation 3
Ronald Barrett,X360
Paul Carpenter,Nintendo DS
Dawn Garcia,X360
John Pruitt,X360
John Jordan,Nintendo DS
Amy Oneill,Nintendo Wii
Anthony Byrd,X360
Jessica White,X360
Ralph Hanson,X360
Rachael Ingram,Nintendo Wii
Joseph Patterson,X360
Robert Hall,Nintendo DS
Amanda Richardson,Nintendo DS
Thomas Young,Nintendo Wii
Timothy Dillon MD,Nintendo DS
Jennifer Cobb,Sony PSP
Vanessa Gomez,Nintendo Wii
Stephanie Perez,PlayStation 3
Jennifer Dunn,Nintendo DS
Nicole Stewart,Sony PSP
Rachel Sosa,Sony PSP
Marie Zuniga,Nintendo Wii
Patrick Garcia,Nintendo DS
Mary Colon,Nintendo Wii
John Sanchez,Sony PSP
Corey Oliver,Sony PSP
Steven Reynolds,X360
Brittany Buckley,Nintendo DS
Theresa Sanders,Sony PSP
Ryan Ellis,X360
Deanna Trujillo,Sony PSP
Laura Barrett,X360
Abigail Cabrera,Nintendo DS
Thomas Williams,Sony PSP
Tamara Turner,Nintendo Wii
Jacqueline Wilson,Nintendo DS
Olivia Evans,X360
Stefanie Robertson,X360
Julia Acevedo,Sony PSP
Gary Harper,PlayStation 3
Riley Thornton,Sony PSP
Lori Hernandez,PlayStation 3
Emily Harrison,Sony PSP
Barbara Rodriguez,Nintendo Wii
Michael Taylor,Sony PSP
Sharon Beard,PlayStation 3
Mike George,Nintendo Wii
Kimberly Thompson,X360
Susan Wood,X360
Elizabeth Holland,X360
Ashley Mckinney,Nintendo Wii
Charles Parker,Sony PSP
Rachel Joyce,X360
Joann Pena,X360
Leslie Jackson,Nintendo Wii
Tracy Moss,Nintendo DS
Steve Willis,Nintendo DS
Timothy Goodman,Sony PSP
John Kennedy,Nintendo Wii
Michelle Gray,X360
Justin Henry,X360
Andrew Chaney,Sony PSP
Margaret Johnson,Sony PSP
Eric Smith,PlayStation 3
Roy Perry,Sony PSP
Ashley Flores,Nintendo DS
Randy Christensen,Sony PSP
Emily Jones,PlayStation 3
Mark Avery,PlayStation 3
Brenda Foley,Sony PSP
Hayley Williams,Sony PSP
Renee Osborne,X360
Anthony Reed,PlayStation 3
Brian Combs,PlayStation 3
John Tucker,Nintendo DS
Erin Deleon,Nintendo DS
Jennifer Johnson,X360
Charlene Watts,X360
Rebecca Jackson,Nintendo Wii
Eric Morgan,X360
Jordan Villegas,Nintendo DS
Dylan Sherman,Sony PSP
Thomas Griffith,X360
Jordan Wagner,X360
Jonathan Cochran,X360
Jeff Taylor MD,Nintendo DS
Jeremy Barrett,Sony PSP
Daniel Gallegos,Sony PSP
Carol Gilbert,X360
Rachel Melton,Sony PSP
Tracy Wilson,X360
Robert Woods,X360
George Shaffer,Nintendo Wii
Alexander Robertson,Nintendo DS
Janet Bates,Nintendo DS
Corey Maynard,Sony PSP
Victoria Williams,Sony PSP
Gerald Meadows,PlayStation 3
Brittany Hawkins,PlayStation 3
Nathan Davidson,X360
Justin Goodman,Nintendo Wii
Kevin Simmons,Nintendo DS
Jordan Brown,Sony PSP
Kristina Camacho,Sony PSP
Steve Wilson,Sony PSP
Stephanie Wilkerson,X360
Alyssa Gibson,Nintendo Wii
Tom Fowler,X360
Adrian Morales,X360
Tabitha Dunn,X360
Linda Davis,Nintendo DS
Kelly Solis,Nintendo DS
Beth Ross,Sony PSP
Sarah Collins,Sony PSP
Mrs. Linda Martin,X360
Rhonda Malone,X360
Carol Carroll,X360
Martin Martinez,Nintendo DS
Thomas Smith,Nintendo DS
Natalie Wolf,Sony PSP
Rebecca Ramos,Sony PSP
Stephen Martin,PlayStation 3
Phyllis Brooks,X360
Jennifer Freeman,Sony PSP
Matthew Robertson,Nintendo DS
Victor Foley,Sony PSP
Thomas Estrada,Nintendo DS
Martin Porter,X360
Michaela Mckinney,Sony PSP
Julie Mason,Sony PSP
Dana Sullivan,PlayStation 3
Kimberly Rivera,X360
Mariah Reynolds,X360
Richard Morales,Nintendo DS
Paul Williams,Nintendo DS
Lauren Scott,Nintendo DS
Christopher Padilla,Sony PSP
Thomas Kelly,Nintendo Wii
Sheila Ochoa,X360
Jack Coffey,PlayStation 3
Jacqueline Lewis,Nintendo Wii
Douglas Smith,Nintendo DS
Toni Schmitt,Sony PSP
David Stevens,Sony PSP
Tyler Thomas,X360
Wesley Lam,X360
Jessica Barr,X360
Joshua Richardson,Sony PSP
Mark Miller,Sony PSP
Joshua Russell,Sony PSP
Allison Flores,Sony PSP
Tammy Waters,Sony PSP
Adam Greer,Nintendo Wii
Christopher Wheeler,X360
Scott Wilson,Nintendo Wii
Bridget Decker,Sony PSP
Julia Wilson,Sony PSP
Rodney Peterson,Sony PSP
Kyle Mack,X360
Tasha Ramsey,X360
Danielle Wells,Nintendo DS
Derrick Reeves,Nintendo DS
Kelly Ortiz,Nintendo DS
Juan Cox,X360
Linda Johnson,X360
Lisa Reed,PlayStation 3
David Castro,X360
Melissa Rosario,Nintendo DS
Jonathan Stewart,Nintendo DS
David Kim,Sony PSP
Daniel Jones,Sony PSP
Colton Ponce,Nintendo Wii
Randy Simmons,X360
Rachel Thomas,X360
Troy Osborne,X360
Brianna Stewart,X360
Paul David,X360
Madison Ward,Nintendo Wii
Barbara Kidd,Nintendo DS
Chris Pollard,Nintendo DS
Carla West,Sony PSP
Joseph Harris,Sony PSP
Brandon Gill,Sony PSP
Dana Allison,Nintendo Wii
Derek Larson,X360
David Perry,Nintendo Wii
Brandon Washington,X360
Michael Mccann,Nintendo DS
Mary Johnson,Nintendo DS
Christy Johnson,Sony PSP
Scott Horton,Sony PSP
Thomas Welch,Sony PSP
Aaron Scott,Sony PSP
Tonya Chambers,Sony PSP
Michelle Chase,Sony PSP
Andrea Clark,Nintendo Wii
Erin Bryant,X360
Julia Hardin,Nintendo DS
Mary Williams,Nintendo DS
Leroy Dixon,Sony PSP
Ian Fry,Sony PSP
Sara Baker,Sony PSP
Cory Hooper,Sony PSP
Justin Hoffman,X360
Daniel Fisher,X360
Janet Gibbs,Sony PSP
Rebekah Hamilton,Nintendo DS
Calvin Gutierrez,Nintendo DS
Jimmy Wheeler,Nintendo DS
Patrick Bowman,Nintendo DS
Donald Shields,Nintendo DS
Diane Rodgers,Nintendo DS
Ashley Long,Sony PSP
Mark Gardner,Sony PSP
Ruth Garner,Sony PSP
Jessica Harris,Sony PSP
Carlos Hall,Sony PSP
Kylie Ryan,Nintendo DS
Brandon Lee,Nintendo DS
Ryan Gray,Nintendo DS
Jeffrey Smith,Nintendo DS
Jay Torres,Nintendo DS
Catherine Payne,Sony PSP
Joy Cox,Sony PSP
Mr. William Shaw,Sony PSP
Tristan Young,Sony PSP
Christian Jimenez,Sony PSP
Sarah Fields MD,X360
James Daniels,X360
Scott Garcia,X360
Gabrielle Thompson,Nintendo DS
Matthew Gutierrez,Sony PSP
Julie Thompson MD,Sony PSP
Sarah Vance,Sony PSP
Susan Smith,Sony PSP
Brenda Chapman,Sony PSP
Douglas Parker,Sony PSP
Eric Kent,Sony PSP
Karina Mccullough,Sony PSP
Lisa Miller,Nintendo DS
Amanda Taylor,Nintendo DS
Linda Paul,Sony PSP
Michael Larson,Sony PSP
Guy Dunn,Sony PSP
Julia Smith DVM,Sony PSP
Angela Rowe,Sony PSP
Ashlee Patrick,Nintendo DS
Jesse Johnson,Sony PSP
Aaron Johnson,Sony PSP
Matthew Gregory,Nintendo Wii
Robert Moore,X360
Heather Salas,X360
James Castro,Nintendo Wii
Michael Carlson,Nintendo DS
Leslie Cox,Nintendo Wii
Richard Curry,X360
Amanda Murillo,Nintendo Wii
Charles White,Nintendo Wii
Phillip Mosley,X360
Philip Wade Jr.,Nintendo Wii
Thomas Brown,PlayStation 3
Andrea Haynes,Nintendo Wii
Craig Terrell,Nintendo DS
Mark Garcia MD,X360
James Johnson,X360
Rachel Trevino,X360
Steven Gonzalez,X360
Mary Robinson,Nintendo DS
Jason Meyer,Nintendo DS
Cody Stuart,Nintendo DS
Patrick Harrell,PlayStation 3
Robert Adams,PlayStation 3
Tracy Barr,X360
Jamie Cruz,Nintendo DS
Joseph Branch,X360
Ethan Miles,Nintendo Wii
Ana Davis,Nintendo Wii
Veronica Thomas,Sony PSP
Cheryl Grant,Nintendo Wii
John Smith,Nintendo Wii
Catherine Cummings PhD,PlayStation 3
Todd Hunt,Nintendo DS
Lisa Ortega,Nintendo Wii
April Meyer,PlayStation 3
Kathy Boone,Nintendo DS
Rachel Nelson,Nintendo DS
Cassie Duncan,Nintendo DS
Kirsten Bryant,Nintendo Wii
Eric Chandler,X360
Chad Spencer,Nintendo DS
Kristen Adkins,X360
Emily Medina,Nintendo Wii
Rebecca Martin,X360
Kyle West,X360
Kelly Cardenas,PlayStation 3
Catherine Ramos,Nintendo Wii
Amy Merritt,X360
James Diaz,PlayStation 3
Brittney Preston,Nintendo DS
Brittany Pope,Nintendo Wii
Angelica Jones,Nintendo Wii
Michael Thomas,Sony PSP
Nancy Cordova,Nintendo DS
Andrea Hutchinson,Nintendo Wii
Leslie Garza,X360
Steve Charles,Nintendo Wii
Mike Mcdonald,PlayStation 3
Mario Morse,PlayStation 3
Kevin Stewart,Nintendo Wii
Traci Long,X360
Janice Martinez,Nintendo DS
Michael Keller,PlayStation 3
Ruth Serrano,Nintendo Wii
Austin Lewis,Nintendo DS
George Meyer DVM,Nintendo Wii
Emily Tran,X360
Amber Moreno,Nintendo Wii
Stephanie Fry,X360
Jason Martinez,Nintendo DS
Anthony Gutierrez,Nintendo DS
Mary Ballard,PlayStation 3
Jason Scott,Sony PSP
Cindy Newton,PlayStation 3
Johnathan Mitchell,Nintendo DS
Jodi Villanueva,X360
Thomas Cole,PlayStation 3
Claudia Dunn,PlayStation 3
Brett Hughes,Nintendo Wii
Michele Klein,X360
Jennifer Williams,Nintendo DS
Alexandria Brown,Nintendo DS
Sandra Mcguire,X360
Sandra Anderson,X360
Eric Williams,Sony PSP
Angela Coffey,X360
Phillip Greene,PlayStation 3
Nicholas Lee,Sony PSP
John Morrow,X360
Sheila Oneal,PlayStation 3
Erin Vargas,Nintendo Wii
Aaron Martin,X360
Anthony Sutton,X360
James Contreras,X360
Anthony Brown,Nintendo DS
Brent Johnson,X360
Marcus Bowman,Nintendo Wii
Joseph Clark,Nintendo Wii
Angel Williams,Sony PSP
Michael Young,Nintendo Wii
Kelly Obrien,Nintendo DS
Jodi Sandoval,Sony PSP
Tara Ramirez,Nintendo Wii
Willie Murphy,X360
Mr. Paul Cervantes,Nintendo Wii
Laura Harris,Nintendo Wii
Alexandra Hines,X360
Carol Hood,Nintendo DS
Travis Hughes,Nintendo DS
Angela Anderson,Sony PSP
Kevin Gates,Nintendo Wii
Eric Cordova,PlayStation 3
Nicole Howard,Nintendo Wii
Rachel King,Nintendo Wii
Kathy Maldonado,X360
Anthony Anderson,Nintendo Wii
Jerry Black,X360
Brenda Mason,Nintendo DS
Joseph Ward,PlayStation 3
Barbara Harvey,Nintendo Wii
Jeffrey Johnson,Nintendo Wii
Brian Petersen,Nintendo Wii
Peter Williams,PlayStation 3
Valerie Kelley,X360
Jennifer Jefferson,X360
Joseph Smith,Nintendo DS
Angela Ross,Sony PSP
Amy Munoz,X360
Ryan Barnes,Nintendo Wii
Cody Reese,PlayStation 3
Gabriel Kelly,Nintendo DS
Travis Hill,Nintendo DS
Robert Smith,Nintendo Wii
Jeffrey Allen,PlayStation 3
Angela Jones,Nintendo DS
Tyler Young,X360
Angela Nolan,X360
Teresa Christian,PlayStation 3
Lori Lara,Sony PSP
Michelle Ford,PlayStation 3
Sergio Thomas,Nintendo Wii
Deborah Howard,X360
Michael Smith,X360
John Velez,Nintendo DS
Pamela Schroeder,Nintendo Wii
Jessica Brown,PlayStation 3
Dwayne Fowler,PlayStation 3
Stephanie Franklin,Nintendo Wii
Jessica Nichols,Nintendo DS
Joseph Ruiz,Sony PSP
Mr. Tyler Diaz,PlayStation 3
Amy Harris,Nintendo Wii
Taylor Cordova,X360
Mr. Jason Watkins,PlayStation 3
Kenneth Jones,X360
Matthew Owens,Nintendo Wii
Kayla Thomas,Nintendo DS
Erin Powell,Nintendo DS
Scott Gutierrez,Sony PSP
Joseph Dunn,PlayStation 3
Joshua Cochran,PlayStation 3
Amanda Murray DDS,PlayStation 3
Robert King,Nintendo Wii
Rita Waters,Nintendo DS
Jennifer Banks,Sony PSP
Amanda Henry,PlayStation 3
Sara Harmon,X360
Christina Castaneda,Nintendo DS
Jeffrey Smith,Nintendo DS
Jill Huffman,Nintendo DS
Anthony Sanford,Nintendo Wii
Evan Holmes,X360
Paul Peterson,X360
Jocelyn Brown,Nintendo DS
Timothy Hayden,Nintendo DS
Teresa Ramirez,Sony PSP
Carl Garcia,X360
Laura Thompson,X360
Jeffrey Murphy,Nintendo DS
Alexandra Flores,Nintendo DS
Glenda Patton,Nintendo DS
Donald Levine,Sony PSP
Brandon Rasmussen,PlayStation 3
Walter Murray,X360
Christy Webb,X360
William Singh,Nintendo Wii
Lisa Arnold,Nintendo Wii
Steven Brown,Nintendo DS
Brittany Pittman,Nintendo DS
Larry Sanders,Sony PSP
Sean Cox,Nintendo Wii
Daniel Chen,Nintendo Wii
Maria Cooper,Nintendo Wii
Cory Becker,X360
William Lara,PlayStation 3
Annette Johnson,X360
James Michael,PlayStation 3
George Nguyen,Sony PSP
Rhonda Gallegos,Sony PSP
Samantha Jimenez,Nintendo Wii
Stephen Diaz,X360
Stephanie Smith,Nintendo DS
Lisa Cook,Sony PSP
Christopher Avery,Sony PSP
Tammy Robinson,PlayStation 3
Karen Taylor,X360
Lisa Anderson,Nintendo Wii
Lisa Mccoy MD,Nintendo DS
Steven Martinez,Nintendo DS
Matthew Morrison,Sony PSP
Sarah Strong,X360
Stacie Clark,X360
Kevin Faulkner,Sony PSP
Donna Mcclure,Nintendo DS
Emily Wall,Sony PSP
Jennifer Davis,Nintendo Wii
Tina Frazier,X360
Patrick Johns,Nintendo DS
Patricia Odom,Nintendo DS
Frank Thompson,PlayStation 3
Christopher Potter,Nintendo Wii
Daniel Robinson,X360
Michael Smith,X360
Chad Harris,Nintendo DS
Jacob Hunter,Sony PSP
Tyler Jones,PlayStation 3
Kelly Martin,Nintendo Wii
Thomas Jones,Nintendo Wii
Joseph Dodson,X360
Misty Reed,X360
Jeffrey Baker,Nintendo DS
Garrett Bolton,PlayStation 3
Jennifer Esparza,PlayStation 3
Jeffrey Bowman,PlayStation 3
Nathan Paul,PlayStation 3
Gabriel Ward,X360
Candace Bailey,PlayStation 3
Jeffery Rich,X360
Charles Baker,X360
Kristen Davidson,X360
Patrick Ramos,X360
Nathaniel Jones,Nintendo DS
Steven Morales,Nintendo DS
Danielle Mclaughlin,PlayStation 3
Raymond Soto,PlayStation 3
Jeffrey Rodriguez,PlayStation 3
Sean Tucker,PlayStation 3
Michael Zhang,Nintendo Wii
Cory Mason,PlayStation 3
Pamela West,Nintendo Wii
Daryl Sims,Nintendo Wii
Joseph Ball,Nintendo DS
Alexis Hernandez,PlayStation 3
Nathan Oconnell,Nintendo Wii
William Forbes,X360
Kayla Peterson,PlayStation 3
Jessica Hall,PlayStation 3
Daniel Smith,X360
Gregory Brennan,X360
Diane Cole,X360
Sara Lee,Nintendo DS
Sarah Peterson,Nintendo DS
Vanessa Foley,Sony PSP
Katrina Allen,PlayStation 3
Jamie Ray,Nintendo Wii
Lisa Rojas,X360
Brandon Winters,X360
Laura Jimenez,X360
Kelly Fisher,X360
Nathan Soto,X360
Frederick Walton,PlayStation 3
Kaylee Perry,Nintendo Wii
Jonathan Bradley,PlayStation 3
Melanie Wheeler,Nintendo Wii
Victoria Miller,Nintendo Wii
Joan Floyd,X360
Toni King,Nintendo Wii
Laura Edwards,PlayStation 3
Michael Patel,PlayStation 3
Courtney Vance,X360
Wendy Wells,Nintendo DS
James Johnson,Nintendo DS
Phyllis Nelson,Nintendo DS
Peter Wood,Sony PSP
Sharon Swanson,PlayStation 3
Christian Wilson,PlayStation 3
Holly Thomas,Nintendo Wii
Karen Burgess,X360
Matthew Rivera,X360
Michael Washington,PlayStation 3
Nathan Smith,Nintendo Wii
Gregory Ellis,Nintendo DS
Dr. Jay Richmond,Nintendo DS
Michele Cabrera,Nintendo DS
Rebecca Gutierrez,Nintendo DS
Ernest Ramirez,Sony PSP
Mark Jackson,Sony PSP
Jessica Hendrix,Sony PSP
Terri Mckee,PlayStation 3
Leslie Keller,Nintendo Wii
Valerie Shepherd,X360
Sydney Butler,X360
Daniel Butler,PlayStation 3
Sylvia Simmons,X360
Martha Peters,Nintendo DS
Nancy Orr,Nintendo DS
Tiffany Friedman,Nintendo DS
Samantha Mckinney,Nintendo DS
Sheila Diaz PhD,Sony PSP
Tracy Meadows,Sony PSP
Brian White,Sony PSP
Samuel Rodriguez,PlayStation 3
Karen Spencer,X360
Rodney Baker,X360
Jonathan Hood,Nintendo DS
Amber Taylor,Nintendo DS
Jeffrey Mccoy,Sony PSP
Derek Mullins,PlayStation 3
Linda Williams,PlayStation 3
Brenda Cooper,Nintendo Wii
John Hill,PlayStation 3
Douglas Anderson,PlayStation 3
Jason Mitchell MD,X360
Carl Gonzalez,X360
Melvin Hill,X360
Connie George,PlayStation 3
Robert Meyer,Nintendo DS
Ryan Campbell,Nintendo DS
James Liu,Nintendo DS
Jeffery Campos,Sony PSP
Jennifer Pittman MD,Sony PSP
Mrs. Karen Lewis,Sony PSP
Cassidy Smith,Sony PSP
Lauren Dean,Sony PSP
Nancy Avery,Sony PSP
Ricky Higgins,Sony PSP
Jonathan Jones,Nintendo Wii
Eric Le,X360
Brittney Jenkins,X360
Melissa Thomas,PlayStation 3
Amy Mejia,Nintendo DS
Amber Briggs,Nintendo DS
David Harrington,Nintendo DS
Carlos Montgomery,Sony PSP
Brooke Johnson,PlayStation 3
Alicia Perez,Nintendo Wii
Randy Gibson,Nintendo Wii
Frank Thomas,X360
Gabriela Austin,X360
Marissa Baker,Nintendo Wii
Craig Knapp,X360
Stephen Taylor,Nintendo DS
Kristie Chapman,Nintendo DS
Mark Luna,Sony PSP
Nicole Wiggins,Nintendo Wii
Michaela Hancock,X360
Francisco Jones,Nintendo DS
Zachary Harris,Nintendo DS
Laura Bartlett,Nintendo DS
Matthew Ford,Nintendo DS
Johnathan Dixon,Sony PSP
Amy Anderson,Sony PSP
Hannah Lee,Nintendo Wii
Larry Gonzalez,X360
Shawn Obrien,PlayStation 3
Jennifer Bender,Sony PSP
Linda Barker,PlayStation 3
Dorothy Clark,Nintendo Wii
Christine Walton,Nintendo DS
Kimberly Ayers,Nintendo DS
William Rodriguez,Nintendo DS
William Gordon,Nintendo DS
Ashley Palmer,Sony PSP
Randall Olson,Sony PSP
Keith Park,Sony PSP
Kimberly Russell DDS,Nintendo Wii
Jim Dunn,Nintendo Wii
Judy Lewis,Nintendo Wii
Christopher Noble,Nintendo Wii
Omar Proctor,X360
Jo Vazquez,X360
Cheryl Dixon,Sony PSP
Tamara Barker,Sony PSP
Brian Joseph,Nintendo Wii
Danielle Lee,Nintendo DS
Brandon Nelson,Nintendo DS
Sherry Baker,Nintendo DS
Allen Bowen,Nintendo DS
Charles Johnson,Nintendo DS
Aaron Hayes,Sony PSP
Carolyn Cook,Sony PSP
Benjamin Caldwell,Sony PSP
Morgan Thomas,Sony PSP
Dominic Davis,Nintendo Wii
Jennifer Powers,Sony PSP
Brent Perez,X360
Alicia Brown,Nintendo DS
John Peters,Nintendo DS
Jennifer Jones,Sony PSP
Maurice Ruiz,Sony PSP
Aaron Miranda,Sony PSP
Chase Hoffman,Sony PSP
Nicholas Holmes,Sony PSP
Christopher Thomas,X360
Crystal Washington,Nintendo DS
Erica Mercer,Nintendo DS
John Parrish,Nintendo DS
Crystal Stein,Nintendo DS
Brenda Brown,Sony PSP
Breanna Love,Sony PSP
Michael Farmer,Sony PSP
Michael Ballard,Sony PSP
Anthony Gaines,Sony PSP
Sandra Martin,Nintendo Wii
Alex Arnold,Nintendo Wii
Joshua Duarte,X360
Tommy Roberts,Nintendo Wii
Sophia Clark,X360
Anthony Chapman,PlayStation 3
Heather Johnson,X360
Karen Snyder,Nintendo DS
Katelyn Carr,PlayStation 3
Joseph Henderson,X360
Suzanne Graham,PlayStation 3
Donald Jackson II,Nintendo Wii
Megan Diaz,PlayStation 3
Michael Sparks,X360
Nicole Ortega,X360
Brandi Hodge,X360
Jessica Walsh,X360
Molly Becker,Nintendo DS
Daniel Payne,X360
Jennifer Anderson,X360
Charles Deleon,X360
Franklin Burnett,X360
Jason Hill,Nintendo Wii
Natasha Burton,Nintendo DS
Chad West,PlayStation 3
Mr. Benjamin Ramsey PhD,X360
Karen Murray,X360
Tracey Sandoval,Nintendo DS
Chelsea Sellers,X360
Mr. Michael Wilkinson,Sony PSP
Courtney Gould,PlayStation 3
Julian Proctor,X360
Jennifer Brown,Nintendo Wii
Jessica Smith,Nintendo Wii
Michael Woodward,Nintendo DS
Jordan Merritt,X360
Julie Wilson,Nintendo Wii
Morgan Brown,Nintendo Wii
Kenneth Johnston,X360
Samantha Lopez,PlayStation 3
Denise Curry,X360
Justin Anderson,PlayStation 3
Debbie Bryant,PlayStation 3
Theresa Miller,PlayStation 3
Blake Rivers,Nintendo Wii
Randall Ryan,X360
Melanie Fuller,PlayStation 3
Danielle Joseph,Nintendo Wii
John Williams,Nintendo Wii
Ronald Williams,PlayStation 3
Amy Baker,Nintendo DS
Kelly Fields,X360
Lisa Santiago,PlayStation 3
Brittany Tapia,Nintendo Wii
Edward Austin,PlayStation 3
Richard Roberts,X360
Michael Davidson,PlayStation 3
Rebecca Marquez,X360
Alison Williams,X360
Linda Robinson,PlayStation 3
Kerry Russell,Nintendo DS
Mrs. Veronica Dougherty MD,X360
Danielle Green,Nintendo DS
Thomas Allison,PlayStation 3
Bryce Morton,PlayStation 3
Mr. Adam Pierce,Nintendo Wii
Destiny Randall,Nintendo Wii
Priscilla Smith,X360
Jose Hoffman,Nintendo Wii
Angela Alvarado,Nintendo DS
Angela Gonzales DDS,Sony PSP
Gabriel Wilson,X360
Lisa Jones,PlayStation 3
John Dunn,PlayStation 3
Mrs. Penny Garcia,X360
Jonathan Wilson,X360
Victor Johnson,PlayStation 3
Christopher Gregory,PlayStation 3
Cynthia Davis,PlayStation 3
Andrew Wong,Nintendo Wii
Victoria Madden,Nintendo DS
Kimberly Williams,PlayStation 3
Rebecca Moore,Nintendo Wii
Bradley Nelson,PlayStation 3
Gary Moore,X360
Adam Pena,PlayStation 3
Anthony Jones,Nintendo DS
Todd Wright,PlayStation 3
Stephen Gonzalez,X360
Fernando Larson,Sony PSP
Derek Silva,PlayStation 3
Mark Glenn,X360
Amber Lawson,X360
John Bryant,Nintendo Wii
Carl Blake,Nintendo DS
Melanie Chavez,Nintendo DS
Susan Tucker,X360
Jackson Gonzalez,Nintendo Wii
Donna Walton,Nintendo DS
Michael Gonzales,X360
Linda Bishop,PlayStation 3
Kristen Parker,Sony PSP
Nathan Johnson,X360
Jennifer Lam,Nintendo Wii
Megan Peters MD,PlayStation 3
Kristina Smith,X360
William Allen II,X360
Daniel Compton,X360
Jonathan Dunn,X360
Robin Robertson,Sony PSP
Debbie Wilcox,Nintendo Wii
Jessica Robinson,Nintendo Wii
Shawn Stuart,Nintendo DS
Jonathan Hale,PlayStation 3
James Pope,Nintendo DS
Joseph Heath,PlayStation 3
Andrew Bauer,PlayStation 3
Brittany Parks,Nintendo DS
Nicole Ray,PlayStation 3
Daniel George,PlayStation 3
Michael Wilson,Nintendo Wii
Michael Rhodes,X360
Christopher Lawrence,Nintendo Wii
Shannon Garcia,Nintendo Wii
Jose Mitchell,PlayStation 3
Jeremiah Simmons,PlayStation 3
Wendy Jones,X360
Michael Graham,Nintendo Wii
Pamela Walker,PlayStation 3
Mrs. Kristina Walker,Nintendo DS
Ashley Moon,PlayStation 3
Robert Chung MD,PlayStation 3
Thomas Ferrell,Nintendo Wii
Denise Brown,X360
Krystal Tucker,X360
Jesse Brennan,X360
Matthew Smith,X360
Colin Soto,Nintendo Wii
Victoria Lee,Sony PSP
Carla Gillespie,Nintendo Wii
Jennifer Herring,Nintendo Wii
William Cunningham,Nintendo DS
Shannon Webb,Nintendo DS
Daniel Terrell,Sony PSP
Charles Mccann,PlayStation 3
Brenda Franklin,Nintendo DS
Carla Wells,PlayStation 3
James Howard,PlayStation 3
Tara Jones,X360
Bryan Sanchez,PlayStation 3
Gabriel Cox,Nintendo DS
Michelle Johnson,Nintendo DS
Tyler Maldonado,Sony PSP
Ralph Soto,PlayStation 3
Danielle Flores,Nintendo Wii
Dr. Travis Branch,Nintendo DS
Timothy Olsen,PlayStation 3
Douglas Mccormick MD,PlayStation 3
Joshua Byrd,Nintendo Wii
Debra Byrd,X360
Teresa Moore,Nintendo Wii
Joseph Macias,Nintendo DS
Pamela Berry,Nintendo DS
Kevin Johnson,PlayStation 3
David Williams,X360
Edwin Richard,Nintendo Wii
Michael Griffin,X360
Jennifer Ingram,Nintendo DS
Julia Carr,Sony PSP
Maria Carter,PlayStation 3
Sara Cummings,X360
Megan Martinez,X360
Craig Ward,X360
Kristin Burch,Nintendo DS
Andrew Brown,Nintendo DS
Justin Johnson,X360
Lori Pham,PlayStation 3
Kevin Estes,X360
Alex Gonzalez,Nintendo DS
John Cole,Nintendo DS
Sophia Nelson,Nintendo DS
Spencer Oconnor,PlayStation 3
Andrea Campbell,X360
Shane Hess,X360
Kayla Terrell,X360
Bryan Mitchell,Nintendo Wii
Mary Knight,X360
Emma Johnson,Nintendo DS
Cameron Ward,PlayStation 3
Joseph Walsh,X360
Tracy Sloan,PlayStation 3
Diane Caldwell,PlayStation 3
Christopher Mckenzie DVM,PlayStation 3
Heather Martin,Nintendo Wii
Jenna Reed,X360
Kimberly Ortiz,X360
Charlene Harris,X360
Mark Thompson,PlayStation 3
Jeremy Lowery,PlayStation 3
Christopher Warren,PlayStation 3
William Mcgee,X360
Nancy Yates,Nintendo Wii
Paula Bass,Nintendo DS
Walter Carlson,PlayStation 3
Mikayla Bailey,Nintendo Wii
Richard Moore,X360
Nicholas Brewer,Nintendo DS
Jamie Maxwell,Sony PSP
Alicia Allen,PlayStation 3
Daniel Simpson,Nintendo Wii
Michael Stafford,PlayStation 3
Andrea Martin,Nintendo Wii
Benjamin Martin,X360
Emily Ryan,Nintendo DS
Jason Escobar,Sony PSP
Eileen Wilson,Sony PSP
Joseph Carpenter,PlayStation 3
Angelica Mueller,Nintendo Wii
Robin Jenkins,Nintendo Wii
Laura Schmidt,Nintendo Wii
William Young,X360
Steven Avila,X360
Marc Oliver,Nintendo DS
Theresa Jones,PlayStation 3
Donna Howe,PlayStation 3
Crystal Harrison,X360
Katherine Reyes,X360
Dennis Banks,X360
Linda Pace,X360
Bryan Richardson,Sony PSP
Jorge Martin,PlayStation 3
Madison Santiago,X360
Laura Roach,X360
Jennifer Diaz,X360
Christopher Walker,PlayStation 3
Jack Sexton,X360
Teresa Abbott,Sony PSP
Mr. Donald Thompson,PlayStation 3
Sheila Greene,Nintendo Wii
Lisa Green,Nintendo Wii
Megan Gibbs,Nintendo Wii
Barbara Douglas,X360
Jason Brown,X360
John George,X360
Zachary Smith,X360
Jillian Miller,X360
Alexis Pope,Nintendo Wii
Sharon Luna,Nintendo Wii
Karina Weaver,X360
Cynthia Benton,PlayStation 3
Ralph Huff,Nintendo Wii
Stanley Martin,Nintendo Wii
Joel Barajas,Nintendo DS
Michelle Smith,Nintendo DS
Kari Williams,Nintendo DS
Thomas Richardson,Nintendo Wii
Robert Richardson,X360
Gabriel Davis,PlayStation 3
Michelle Smith,PlayStation 3
Leah Lewis,X360
Johnathan Martinez,Nintendo Wii
Tonya Bailey,Nintendo DS
Tamara Jones,Nintendo DS
Vanessa Yates,PlayStation 3
Edwin Mccann,PlayStation 3
Thomas Cook,PlayStation 3
Kristen Wright,Nintendo Wii
Tiffany Hunter,X360
Alexandra Luna,Nintendo Wii
David Schmidt,Nintendo DS
Kelly Alexander,Nintendo DS
Brian Graham,Nintendo DS
Crystal Weber,Nintendo DS
Matthew Simmons,Nintendo DS
Veronica Mayo,PlayStation 3
Darren Bennett,PlayStation 3
Douglas Rose,PlayStation 3
Shannon Evans,Nintendo Wii
Courtney Quinn,Nintendo Wii
Leslie Andersen,X360
Christina Colon,X360
Lori Rogers,X360
Lisa Blanchard,Sony PSP
Brittany Mason,PlayStation 3
Robert Huang,PlayStation 3
Michelle Robertson,PlayStation 3
Bradley Williams,Nintendo Wii
Hailey Moore,X360
Deborah Knight,X360
David Williams,PlayStation 3
Zoe Turner,PlayStation 3
William Turner,Nintendo Wii
Vincent Anderson,Nintendo Wii
Jay Vasquez,X360
Seth Munoz,Nintendo DS
Timothy Snyder,Nintendo DS
Diane Garcia,Nintendo DS
Brian Villarreal,PlayStation 3
Jason Martinez,Nintendo Wii
Stacy Riggs,Nintendo Wii
Joseph Newman,Nintendo Wii
Bryan Anderson,Nintendo Wii
Sonya Mitchell,Nintendo Wii
Ralph Perry,Nintendo Wii
Brandon Allen,X360
Lauren Palmer,Nintendo DS
Rachel Parker,Nintendo DS
Dennis Nichols,Nintendo DS
Rebecca Callahan,PlayStation 3
Amy Heath,PlayStation 3
Kelly Dickerson,Nintendo Wii
Nancy Ellis,X360
Calvin Smith,X360
Dr. Jacqueline Mcdonald,X360
Todd Quinn,X360
Grace Stevenson,Nintendo DS
Whitney Soto,Nintendo DS
Krista Harper,Sony PSP
Maureen Mcdonald,Nintendo Wii
Matthew Carpenter,X360
Brian Garcia,X360
William Foster,X360
Melinda Dyer,Nintendo DS
Andrew Adams,Nintendo DS
Lisa Garrison,Nintendo DS
Emily Matthews,Nintendo DS
Jaime Huff,Nintendo DS
Billy Riley,Nintendo DS
James Kim,Nintendo DS
Jacqueline Rivera,Nintendo DS
Chase Burke,Sony PSP
Sharon Ramirez,PlayStation 3
Linda Evans,PlayStation 3
Ashley Thompson,Nintendo Wii
Jessica Mills,Nintendo Wii
Jordan Ward,Nintendo Wii
Stephen Torres,PlayStation 3
Briana Sharp,Nintendo Wii
Michael Hudson,X360
Sara Bowman,PlayStation 3
Laura Hudson,X360
Mrs. Maria Gomez,Nintendo DS
Jamie Strong,Nintendo DS
Mark Walker,Nintendo DS
Gregory Curry,Nintendo DS
Eduardo Huff,Nintendo DS
William Mitchell,Nintendo DS
David Black,Nintendo DS
Sandra King,Nintendo DS
Angel Taylor,Sony PSP
Travis Carter,Sony PSP
Kevin Patterson,Sony PSP
Justin Middleton,Sony PSP
Kim Johns,PlayStation 3
Julie Weiss,PlayStation 3
Kelly Norris,Nintendo Wii
Shannon Russell,Nintendo Wii
Michael Horn,X360
Drew Hays,Nintendo DS
Janice Walker,Nintendo DS
James Pope,Nintendo DS
Angela Curtis,Nintendo DS
Levi Hubbard,Nintendo DS
Molly Murphy,Nintendo DS
Danielle Ferrell,Nintendo DS
Keith Jarvis,Sony PSP
Richard Williams,Sony PSP
Ronald Terry,Sony PSP
Lisa Martinez,PlayStation 3
Brett Sandoval,Nintendo Wii
Corey Hodges,X360
David Lewis,X360
Barbara Campbell,Nintendo DS
Sandra Cortez,Nintendo DS
Shane Banks,Nintendo DS
Kari Romero,Nintendo DS
Mr. William Atkins,Sony PSP
Ashlee Boyd,PlayStation 3
Mr. Steven Vance,Nintendo Wii
Scott Patterson,Nintendo DS
